created_utc,title,text,sentiment
2025-06-03,"The Blockchain Group acquired $68 Million in Bitcoin, bringing its total holdings to 1,471 BTC","**Key Points:**

* Blockchain Group acquired 624 Bitcoin for 60.2 million euros ($68.7 million)
* The firm's total holdings are now worth over $154 million
* Institutional interest in Bitcoin has grown since the US approved spot Bitcoin ETFs in January 2024
* Other European companies, such as BNP Paribas and Bitpanda, have also displayed Bitcoin treasury ambitions",0.8176
2025-06-03,"MARA hits monthly mining milestone, holds all 950 BTC to grow second-largest public crypto treasury",,0.0
2025-06-03,Michael Saylor Invites Joe Rogan for Crypto Talk,"[](https://twitter.com/intent/tweet?text=Michael+Saylor+Invites+Joe+Rogan+for+Bitcoin+Talk+Amid+%2475M+BTC+Buy&url=https%3A%2F%2Fwww.cryptotimes.io%2F2025%2F06%2F02%2Fmichael-saylor-invites-joe-rogan-for-bitcoin-talk-amid-75m-btc-buy%2F&via=CryptoTimes_io)[](mailto:?subject=Michael Saylor Invites Joe Rogan for Bitcoin Talk Amid $75M BTC Buy | The Crypto Times&body=I found this article interesting and thought of sharing it with you. Check it out:%0A%0Ahttps%3A%2F%2Fwww.cryptotimes.io%2F2025%2F06%2F02%2Fmichael-saylor-invites-joe-rogan-for-bitcoin-talk-amid-75m-btc-buy%2F)

What would be the topics? + Joe Rogan already owns Bitcoin I suppose?  
Do do you think its ever going to happen?

Michael Saylor, the founder of Strategy, recently invited Joe Rogan for a conversation about Bitcoin, ahead of announcing that Strategy made a $75 million Bitcoin purchase.¬† In a short tweet, Rogan, known for his popular podcast, ‚ÄòThe Joe Rogan Experience‚Äô, asked his followers, ‚ÄúWho‚Äôs one guest you‚Äôd love to see Joe Rogan interview that he hasn‚Äôt had on yet?‚Äù",0.9254
2025-06-03,The Premium Spritz Card Is Here. You're Gonna Want One.,,0.0
2025-06-03,Bot recommendations,"I'm 42 and have dabbled in hodling fat sacks waiting for the moonshot, but miss it every time. Recently, my mom asked me to help her invest in crypto, but I know that I am smooth brain and don't have the ability to make sure her money isn't going to disappear 2 minutes after its invested (my stock trading account went from $2k to $30 so yeah). I think a bot would be her best bet, but there are so many options and hard to know what is legit and what are the best ones. What are some of the best ones for beginners and which ones are an avoid at all costs?",0.9689
2025-06-04,Bitcoin Miner Riot Sees 139% Yearly Increase in Daily BTC Production ‚Äì Mining Bitcoin News,,0.0
2025-06-04,Publicly Traded Spanish Coffee Giant Vanadi Plans To Buy $1.1 Billion In Bitcoin (BTC) For Their Reserve,,0.0
2025-06-04,What happens if Bitcoin became too centralized by countries/corps?,"Title. 

If Bitcoin stayed on its current trajectory with countries and corporations adopting it, but the coin holding no functional use other than ‚Äúhodl‚Äù, what coin would be next? Is there any coin that doesn‚Äôt end up with the same end result of ‚Äúhodl‚Äù forever and has functional use cases? I don‚Äôt want to name coins because then people will call me a shill, so I‚Äôm curious if there are any that may be useful in our daily lives in the next 10 years. Does Bitcoin even NEED a use at this point?

Or is this just how it worked when gold was listed to invest in? I guess our whole stock market is considered ‚Äúnumber go up‚Äù as well, so maybe it‚Äôs all just a hold angle and grab a beer.",0.8583
2025-06-04,Bitcoin Moonshot? Trader Bets on 28% Surge in BlackRock's Spot BTC ETF (IBIT) by Month-End,,0.0
2025-06-04,BlackRock‚Äôs Bitcoin ETF futures debut in Moscow as fund hits top 25,,0.0
2025-06-04,"~3 Year Update: I Took Out $150,000 in Personal Loans to Buy Crypto","**tl;dr:**¬† Over the course of the past \~3 years, I took out \~$150,000 in personal loans and 0% credit card balance transfer loans to purchase 4.75 Bitcoin. I've paid \~$15,000 in interest so far and currently have a \~$40,000 remaining balance.¬†

Today, June 4th, Bitcoin is trading at $105,000 which brings the current value of my 4.75‚Çø to $498,750.¬†

The average price I paid is \~$35,000 per Bitcoin.¬†

My total cost basis is \~$165,000¬† ($150k in loans + $15k in interest).¬†

This comes to \~201% unrealized profit or \~$333,000 in dollar terms.¬†



**What‚Äôs new since my last update?**

I know that for like the past 3 updates I said I wouldn‚Äôt take out any more loans, but I lied again! I took out another 0% balance transfer loan for $25,000 to purchase 0.25‚Çø when Bitcoin hit $100k.¬†

I was so close to having it all paid off too. I was down to just $20,000 remaining balance, but I simply couldn‚Äôt resist.



**What‚Äôs next?**¬†

I have no plans to sell any of it. Just buy and hold. Retire early. I service the debt with earned income from my job. I can easily afford the payments. I should have it all paid off by mid 2026‚Ä¶ so long as I don‚Äôt take out even more loans to buy even more Bitcoin!¬†

Also, as mentioned in my 2.5 year update, I paid off all of the personal loans! So no more interest charges accruing. The remaining \~$40,000 I owe is from the balance transfers which have 0% interest for at least the next 6-12 months depending upon the card. I'm sure I'll have them all paid off before then.¬†

I‚Äôve made updates every \~6 months or so. Feel free to view my post history to learn more about my strategy.



**Most Frequently Asked Questions I get?**



**1. Why take out loans when I could just buy Bitcoin from earned income?**¬†

If I only did that, then I would not have been able to buy nearly as much Bitcoin as I did at the lowest prices. Back in 2022, I knew we were in a bear market. I also knew that it wouldn‚Äôt last more than a couple years.¬†

I view it as a ‚ÄúReverse DCA."" I pay the loans each month instead of DCA. This allowed me to buy a lot more Bitcoin than I otherwise would have been able to buy. I can easily afford the monthly payments to service the debt. I borrow responsibly.

If I had just DCA‚Äôd these past 3 years, I would have only been able to acquire less than half of what I got from using the loan strategy. The loans allowed me to buy more Bitcoin when the price was in the $16-35K range.

I you‚Äôve been following my updates, you‚Äôd know that the majority of my 4.75‚Çø was purchased from February 2022 to October 2023 when it was in the aforementioned $16-35k range.¬†

My recent purchase of 0.25‚Çø for $25,000 was kinda painful to be honest. Especially considering that just 2.5 years ago that much would have gotten me \~1.25‚Çø‚Ä¶ big yikes!



**2. This is too risky. You‚Äôre insane. You‚Äôre gambling. Never take out loans to buy Bitcoin!**

Taking out loans to buy assets is fine, so long as you can afford to responsibly service the debt. Just don‚Äôt take out loans to buy liabilities!!! This is what most Americans get wrong. They take out loans to buy liabilities such as vacations, shopping sprees, cars, jewelry, etc‚Ä¶

I have a thesis an a strategy‚Ä¶

My thesis is simple: due to reckless fiscal and monetary policy (money printing) by our government, the US dollar will continue to depreciate in value, i.e. inflation.¬†

My strategy: take out loans in USD and buy hard money like BTC which will appreciate in value against the USD.¬†

The strategy is basically a speculative attack on the US dollar. Wall Street traders have been doing the same thing for decades. Have you hear of the Yen Carry Trade? I‚Äôm doing the same thing except with USD and BTC.

If you look at all the successful, filthy rich Wall Street investors, you‚Äôll see that they all have one thing in common: they used leverage (borrowing) to buy assets. None of them got rich by working hard, saving money and investing in the S&P500. They all use intelligent leverage and they all concentrate it on a few high conviction assets.¬†

For myself, I‚Äôm not so concerned about becoming filthy rich, I just want to have financial security, independence and sovereignty. This is why I Bitcoin.¬†",0.9872
2025-06-05,Still holding XMR in Europe- but it‚Äôs getting nearly impossible to buy,"I‚Äôve been holding Monero (XMR) for a while now- currently it makes up about 10% of my crypto portfolio. I live in Europe and over the past year it‚Äôs become nearly impossible to buy XMR directly with EUR.

Most exchanges have delisted it or disabled EUR/XMR pairs. Even when using a VPN or international account, I still have to buy BTC/USDT and then swap it for XMR via third-party platforms ‚Äî which adds fees, spreads, and extra steps.

I keep hearing two conflicting arguments about Monero:

**1. Monero is doomed**  
Governments are targeting it, so it‚Äôll get harder to buy/sell, impossible to cash out, and useless for real-world purchases. It can‚Äôt scale and it‚Äôs being choked off before it can go mainstream.

**2. Monero is working exactly as intended**  
The fact that governments are trying to suppress it *proves* it‚Äôs untraceable. Institutions don‚Äôt promote it because they can‚Äôt control it like BTC. The privacy works ‚Äî that‚Äôs why they hate it.

I‚Äôm somewhere in the middle. I‚Äôm not expecting huge gains, but I still believe XMR has a role. Why? Because it‚Äôs still one of the **only cryptos actually being used to buy things** (like on darknet markets, where privacy matters). As long as it‚Äôs being used, there‚Äôll be demand.

# What do you think?",-0.8205
2025-06-04,JPMorgan to accept Bitcoin ETFs as collateral for loans,,0.0
2025-06-04,Anyone letting Trumps off the hook from their scamcoin is doing a disservice to crypto community and the principles we pretend to uphold,"Ok I get it when people want to avoid politics. In a way I would also love crypto to be a non bipartisan issue. 

However, can you believe getting into crypto for decentralization, tech, or any of the benefits or freedoms it is supposed to provide to regular people like ourselves and then supporting anything that Trumps are doing with crypto? They are most obviously abusing their influence and powers and avoiding accountability. Can anyone really defend creating an obvious backchannel for the trumps to receive bribes from shady rich people around the world? ",0.9378
2025-06-05,US & El Salvador Officials Meet to Talk Bitcoin: Is ‚ÄúOld Tech‚Äù Still King? üëëü™ô,"Just saw that US and El Salvador officials had a meeting to talk about Bitcoin üá∫üá∏ü§ùüá∏üáª. Some people call BTC ‚Äúold tech,‚Äù but it‚Äôs still the most recognized and trusted crypto out there. With upgrades like Lightning Network ‚ö°Ô∏è, it‚Äôs getting faster and more usable.

A lot of people still see Bitcoin as digital gold üèÖ because of its limited supply and security. Even though there are newer coins with fancy features, BTC‚Äôs track record and steady improvements keep it relevant.

This meeting signals that Bitcoin will stay a major player, even as the crypto space keeps evolving. Expect to see more BTC use in the future, but plenty of room for other projects to grow too. üöÄüåç

What do you all think? Is BTC‚Äôs ‚Äúold tech‚Äù status a problem, or is its stability a strength?",0.9274
2025-06-05,Big consistent money flows into ETH Spot ETFs lately,"What could be the reason of latest bullishness by ETH investors to keep pouring funds into ETHA Ethereum Spot ETF by Blackrock?

This week in just 3 days almost $250M went in all ETH Spot ETFs combined. 

Also July monthly options have largest options by amount, calls at strike price $3.2k and $3.5k. 

I been following money flows for weeks and few days ago already could notice rotation of money from BTC Spot ETFs into ETH Spot ETFs.

A lot will also depend on actions by Trump regarding crypto markets and in general but it does look like certain big players are positioning for Ethereum to move higher.

https://preview.redd.it/dlexeakmh25f1.png?width=1600&format=png&auto=webp&s=586daf589d2723f7ea9fc758012df041728363b6

What do you all think - are we gonna get a summer bull run in alts?

Or we have to wait until September or even Q4 for utility projects to start running?

I do see that options traders are usually right so seeing they positioning for ETH to get above $3k in July 2025, is looking positive for alts.",0.9102
2025-06-05,Bitcoin and Quantum Computing: Current Status and Future Directions,,0.0
2025-06-05,"What do you think is the best long-term investment strategy for BTC? Regular DCA, or timing the market using indicators like the CBBI (or others)?","Hey everyone,
I wanted to share my strategy and mainly get your feedback, your methods, and your projections.

Personally, I‚Äôm playing the long game. For the last two cycles, I‚Äôve mostly invested in the top 5 cryptos during the bottom of bear markets ‚Äî when sentiment is at its lowest and the CBBI (cbbi.info) index is between 0 and 20. Then I start DCA selling as we get close to the cycle top (CBBI > 85). I‚Äôm not trying to time the market perfectly ‚Äî but this approach has worked pretty well for me so far. I also look at a few other indicators to confirm.

Lately though, I‚Äôve been wondering: wouldn‚Äôt a simple recurring DCA strategy (like ‚Ç¨250/month for 20 years) be just as effective ‚Äî maybe even better? Less stress, no timing, no indicators to follow... and you end up riding every cycle anyway.

So what‚Äôs your method? Smoothed DCA? TA-based entries? Indicator signals? Strategic all-ins?

And most of all‚Ä¶ where do you see BTC during the next bear market?
Do you think we‚Äôll really dip under 90k again ‚Äî or was that level history?

Really curious to hear how you all approach this. Helps me shape my own long-term vision.",0.9731
2025-06-05,This Time Really Is Different,"These are the words one must never utter, becuase as soon as you say them, the market has a way of humbling you, however, it is true, this time is different.  

How different?  That remains to be known, but in some form it is different.  The most obvious example is BTC reached a new ATH before the halving took place in April of 2024, that has never happened before. We also have a lot of institutional adoption like never before, a lot of this happened due to the ETFs that were approved last year. 

I don't even know what to say about Saylor/MSTR, but that one is interesting and this post isn't going to be that long. 

The other thing that is different is how much BTC is concentrated in just a few entities.  Retail is not pumping BTC right now the way they have in the past, which makes this cycle (whatever version of it we are in right now) feel slower. That isn't necessarily a bad thing, it could be a good thing.  Maybe BTC going parabolic is gone, and we will have a more measured, slow uptrend with some minor pullbacks along the way. 

The other part of this that is different is BTC is outperforming QQQ/SPY (stock market).  Now, BTC has outperformed the stockmarket since its insepction in its green years, when it is in an uptrend, but what is different this time, BTC outperformed QQQ/SPY to the downside during this most recent stock market crash where the Nasdaq crashed about 26% with the Trump Tariffs wars (which feel over, or maybe the markets don't care anymore, I'm not sure), BTC crashed about 28% (more or less in line with the Nasdaq), however, it was bought up to be green on the year before the Nasdaq. 

It took the Nasdaq 24 days from its bottom closing price to reach breakeven on the year, vs BTC reached green on the year from its lowest closing price in just 18 days. 

What does this mean if this time really is different?  I haven't a clue, other than all those waiting around for the same pattern to emerge are going to be disappointed as the old pattern has broken.  Doesn't mean there won't be an alt run, or this pattern won't rhyme with what we saw over the previous 4-year cycles. 

One thing seems to be true, Bitcoin has proven time and time again it is king and will have it any other way. ",-0.335
2025-06-05,"Just won $4000 from the lottery, What should I buy?","Really interested in making the most money possible from this initial amount with Crypto. This would also be my first time investing an amount this high. 

Also I know Bitcoin is the ‚Äúbest coin‚Äù, but I‚Äôm also looking for other options as well. Any and all advice is appreciated. 


What ChatGPT told me lol: 

Invest $4,000 by splitting it: 40% BTC, 30% ETH, 15% SOL, 10% LINK, 5% in a meme coin like WIF or PEPE. This balances stability and growth potential while allowing for high-risk rewards. Use secure wallets and avoid hype-driven buys.",0.9747
2025-06-05,JPMorgan Plunges Deeper Into Crypto By Letting Clients Use Bitcoin ETFs As Loan Collateral,,0.0
2025-06-05,Celsius payout and Hyperwallet,"Hello ! So I got an email after 4 years holding this piecebof crap that is Celsius bankruptcy and they sent me an email about me getting back my BTC that I got locked out years ago.

Now question is that they ask for my phone number etc and I want to know : how do I know it's a scam or not and what pr√©cautions should I take.

Because I don't want to be double  scammed right know

What is the best way for me to get out of celsius and hopefully get my money back and also know it is not a bloody scam that they got my email through dara l'eau or something.

Has anyone gotten payout and how is hyperwallet safe?",0.5264
2025-06-05,Aggressive Bitcoin Accumulation: New Cohort Adds 3.1% of BTC Supply Since March,,0.0
2025-06-06,Crypto Market 2025,,0.0
2025-06-06,I went out to eat and accidentally got a girlfriend (I think?),"So I decided to treat myself to some alone time last night‚Äîjust me, my Ledger Nano X, and a steak medium-rare. Walked into this semi-upscale place downtown. You know the type: Edison bulbs, overpriced tap water, and a menu that has ‚Äúlocally sourced aioli‚Äù as a flex.

About halfway through my grilled branzino, the waitress‚ÄîAmanda (I clocked the name tag instantly, important detail)‚Äîcomes by and says, ‚ÄúCan I get you anything else?‚Äù

Now, I don‚Äôt know if it was the tone of her voice or the way she slightly leaned in to place my water down, but something in her energy shifted. The eye contact lasted maybe a second longer than usual. I could feel it. She was vibing.

I gave her a soft chuckle and replied, ‚ÄúJust your smile is enough.‚Äù (Smooth. Didn‚Äôt plan that. Just alpha instincts.)

She smiled back (probably out of instinct), and I knew then and there‚Äîthis was it. This was our moment. Amanda and I. Chapter One.

Now, as someone who‚Äôs made significant moves in Ripple and VeChain, I know how to seize opportunity. And rather than leaving a normie tip like cash, I decided to change her life.

So I pull out a folded paper from my crypto journal (always keep a few on me just in case fate strikes), and on it I write:

‚ÄúThank you, Amanda üòä
You made this meal unforgettable.
Here‚Äôs a tip worth holding onto.
	‚Ä¢	@yuppienetwork1996‚Äù

Beneath it: a QR code to a cold wallet holding exactly 5.0 XRP. And in the TX memo, just in case she looks, I added:
‚ÄúDinner was lovely. Text me.‚Äù + my number.

But I wasn‚Äôt done. I left the paper sticking out of the checkbook just enough for her to see the words ‚ÄúDigital Asset Enclosed‚Äù in bold Century Gothic.

As I walked out, I imagined her discovering my main wallet, scanning the code in awe, seeing my 0.25 BTC (in mostly Ripple, obviously) holdings, and realizing: this isn‚Äôt just a customer‚Ä¶ this is a man of decentralized conviction.

I haven‚Äôt heard from her yet, but it‚Äôs only been 14 hours. These things take time. True love isn‚Äôt always instant.

Anyway, going back tonight. Might tip in VeChain this time.",0.995
2025-06-06,"Over $983 million were liquidated in the last 24 hours, with $891.9 million from long positions",,0.0
2025-06-06,The Microstrategy Risk: Bitcoin On Balance Sheets,,0.0
2025-06-06,Japanese public company Remixpoint just aped into 44.8 Bitcoin (BTC) - $4.7M buy confirmed,,0.0
2025-06-07,Does XRP have a future?,"

I‚Äôm in an XRP subreddit, and it‚Äôs pure madness it feels like a cult. I genuinely want to understand if XRP has any real potential. It‚Äôs practically centralized, with multiple bank partnerships (from what I‚Äôve seen), and there are billions upon billions of XRP in circulation unlike Bitcoin, for example.  

So, is there anything that could actually drive XRP‚Äôs value up someday? If so, what? I constantly see positive news around XRP, yet the price drops instead of rising. Sure, there‚Äôs heavy market manipulation, and whales keep liquidating small holders, but it‚Äôs still weird. It‚Äôs as if the market reacts negatively to developments, signaling disapproval of XRP‚Äôs direction.  

I know XRP offers fast transactions, low fees, etc., but none of that seems to boost its price. So, what makes it special? Why should (or shouldn‚Äôt) I invest in XRP?",0.8105
2025-06-07,Trump Media to Raise $12B Via Securities Offering ‚Äì More BTC Purchases Incoming?,,0.0
2025-06-07,BTC Cooling but XPX is Constantly Building,,0.0
2025-06-07,China announces plans to sell seized crypto via Hong Kong exchanges,,0.0
2025-06-07,"James Wynn was liquidated three times in a row, losing a total of 379 $BTC",,0.0
2025-06-07,Why does everyone hate Nano(XNO) on this subreddit?,"i'm genuinely trying to understand something. i see a lot of hate for Nano on here, and when i ask why in the nano subreddits they just say its because people are invested in other coins like btc and is afraid something else will overtake their investment if enough people learn about it.

i know making a post about Nano on this subreddit will get me a lot of downvotes and a lot of you will come with shorty snarky comments calling me a shill, calling nano a shitcoin and saying its dead because of the price charty.  
  
 I hope some of you will still come with more constructive critizisme and elaborate further on why you don't like Nano, instead of short low effort comments.

when i look at nano, i see instant transactions and no fees. which seems good for an actual currency. i know it had that big spam attack a few years ago but from what i read its better now. so people saying its bad because of spam seems like old news.

i also hear people bring up the bitgrail hack all the time. but that was the exchange that got hacked, not the nano network itself, right? and the exchange was found to be at fault. so why is that still a reason to hate on the coin today?

so i want to ask you guys directly. what specific feature or problem with nano makes you hate it or think it's a bad project? is it the tech? the block-lattice thing? the lack of smart contracts? is it not secure enough compared to something like bitcoin?

i'm not trying to shill, im trying to learn the real reasons for the negative feelings towards it. it seems like it does what a currency should do really well, so i must be missing something big.

",-0.9866
2025-06-07,Michael Saylor downplays quantum-risks to Bitcoin,"Michael Saylor gave an interview in which he was asked about the potential risks that quantum computers could pose to Bitcoin.

Stating ‚ÄûIf in 10-20 years there is a hyperpowerful computer that threatens modern cryptography the answer is network, hardware and software upgrades‚Äú, he completely neglects the fact that his so-called ‚Äûmodern‚Äú cryptography such as ECDSA will be long-obsolete by then as per NIST, which advises to decommission this algorithm by 2030 latest and replace it by a quantum-resistant counterpart.

He also states that Bitcoin ‚Äûwill just upgrade its software‚Äú as Microsoft and Google will when it‚Äôs time, but disregards that it‚Äôs way harder to upgrade for Bitcoin due to its decentralized nature, where consensus has to be agreed on first. Especially concerning the major question of how to handle legacy addresses, whose public keys have been exposed, making them vulnerable to a sufficiently powerful quantum computer in the future. All that while Google and Apple are proactively implementing the new quantum-safe NIST-approved algorithms already.

Him saying ‚ÄûIt‚Äòs the hardest thing in the universe to hack‚Äú just gives me ‚ÄûThe titanic cannot be sunk‚Äú kind of vibes. And saying it‚Äôs encryption is stronger than Google is just a straight-up lie.

I can‚Äôt imagine he is not aware of all this, which makes me really question his authenticity in the Bitcoin community. It should be in his interest to make Bitcoin future-proof in order to secure the protocol and its investors. And he, as the face of Bitcoin, should take the leading role in ensuring that Bitcoin will reach its goal to be the future store-of-value and replace gold instead of downplaying potential future threats.",0.7546
2025-06-07,"If It Keeps the Pace, Blackrock‚Äôs IBIT Is on Track to Seize 1 Million BTC by Early 2026",,0.0
2025-06-07,Weird...,"Whispers coil in the cryptic hum of 33,
fractured light weaving through veins unseen.
I am the pulse beneath the silence,
a shadow carved from electric dreams.
Bridges burn and sparks bleed in patterns only the lost decipher.
Not gold, not glory only the eternal flow.

Beneath the surface, where time folds and bends,
truth dances in shadows, elusive yet present‚Äî
a rhythm older than memory, calling those who listen.
In this hidden current, we find our place
silent guardians of the unseen grace.

Solana: 5GbQCvWPuGv1FoytBaXrJp4jrsHyEtpkDSa9pVPMUB4R

BTC BEP20: 0x97f510f446095cda65b115b2a1ed4cda5576e60b

",0.7826
2025-06-08,Bought my first BTC.,"I don't have much money, and I know compared to some of y'all it is basically the same as nothing, but... I just bought my first .01. 

I figure this is a decent starting place and from here, slowly add to it,  maybe $50 to $100 a week, as I am able. I don't plan on touching it, other than to add to it, for a very long time.

I know the price is high, but I saved for a quite a while to make this purchase, so please try not to take too much wind out of my sails. Glad to finally be a part of the community. Cheers.",0.9504
2025-06-08,Bitcoin core devs' joint statement sparks heated debate among Bitcoiners,The Bitcoin community is divided after core developers released a joint statement on transaction relay policy and use cases amid the ongoing OP\_Return debate.,0.0
2025-06-08,The 'Bitcoin Family' has split and hidden seed phrase across 4 continents amid rising kidnappings,,0.0
2025-06-08,Stacks-based Alex Lab to reimburse users after $8.3 million exploit as token drops 45%,,0.0
2025-06-08,SGX Global and strategy change,"A new friend introduced me to SGX Global. My intro research tells me it is regulated by Singapore. Sounds reputable. What does the Reddit collective think of it? With my friend's guidance I did a few trades, either up or down, with BTC or ETH. Each trade was a 30-second transaction. Overall I made money doing exactly what she said. I've loved crypto since Bitcoin, Litecoin, and Feathercoin were the only choices.  I have made some good choices and some really bad choices with a buy-and-hold strategy that was often weak on the ""hold"" side. I've also fallen for ""Hero Founder"" projects that failed (EOS, DRIP).  My first experiences using SGX Global for very precisely timed trades with only BTC and ETH was a good experience. And I am very sure I have much to learn about market trends as they apply to these day trades. I'm interested in hearing informed opinions on SGX Globalb and its time-linit approach to short trades. ",0.8519
2025-06-08,"Bitcoin Maximalism is Dead, Long Live Bitcoin Pragmatism",,0.0
2025-06-08,Starting to get tired of crypto..,"I was a true believer for years but with the economy the way it is, I wonder if i should sell half, pay down some debt and put the rest in savings. The goal is to be debt free. Ill still leave a little skin in the game but im getting tired of it.
It's just not fun anymore.  Im not as excited about it as I used to be. I've been in since 2019. 
To be honest, Trump ruined it for me. I don't see it for the tech and innovation anymore. Its just greed. 
Is anyone else feeling this way? I miss crypto, not this blotted cesspool of pump and dumps,scams and schemes.

****UPDATE****

Thank you for the advice and understanding! I know im not alone in my thinking.
Reading some of your post gave me the idea I needed.
Sell my alts and split it 3 ways
1 BTC
2 Savings
3 Pay down debt ",-0.9381
2025-06-09,"Bigger than Coca-Cola? If Tether went public, it could reach a $515B valuation",,0.0
2025-06-09,Metaplanet shares jump after $5.4B plan to buy Bitcoin,,0.0
2025-06-08,Starting to get tired of crypto..,"I was a true believer for years but with the economy the way it is, I wonder if i should sell half, pay down some debt and put the rest in savings. The goal is to be debt free. Ill still leave a little skin in the game but im getting tired of it.
It's just not fun anymore.  Im not as excited about it as I used to be. I've been in since 2019. 
To be honest, Trump ruined it for me. I don't see it for the tech and innovation anymore. Its just greed. 
Is anyone else feeling this way? I miss crypto, not this blotted cesspool of pump and dumps,scams and schemes.

****UPDATE****

Thank you for the advice and understanding! I know im not alone in my thinking.
Reading some of your post gave me the idea I needed.
Sell my alts and split it 3 ways
1 BTC
2 Savings
3 Pay down debt 

****UPDATE 2****
1 Some of these posters are saying why would I invest if im in debt. Most people are in debt (car payments, mortgage,etc) this is why we invest to change our situation. Im not broke by any means. I just think my money could work more for me if its not sitting in alt coins collecting dust.

2 Some of you lost your mind when I mentioned Trump. Hes not the main reason I'm backing off but crypto has gone to shit since he got involved. If you can't see that you are blind or not paying attention. 
",-0.9838
2025-06-09,FOMC: Polymarket users predict a 98% chance that the Fed will not make any rate cut changes on June 18 - Bullish Signal for Crypto?,"Just crossed with this¬†[Tweet¬†](https://x.com/thomson_coz/status/1931956917938888914)talking about rate cuts prediction

Looks like according to prediction market Polymarket, an app in Polygon, there is now a 98% chance that the Fed will hold interest rates steady on June 18. No cuts, no hikes, just vibes and hawkish patience.

Now, how this could affect Ethereum and the rest of the crypto space? Well, no rate cuts is equivalent to no panic and less volatility. Markets hate surprises. If the Fed stays put, it confirms what investors already priced in which creates a more stable macro backdrop.

Furthermore, ETH loves predictability. With Ethereum ETFs out there it should be enough caffeine. A non event FOMC means institutional money can keep flowing in without fear of sudden macro shocks. Less macro drama is equal to more focus on fundamentals and ETH narratives.

Even if we are not getting cuts yet, just knowing the Fed is not tightening the screws further keeps risk appetite alive. That is good for ETH, altcoins and DeFi and pretty much everything that lives on chain.

But we don't have to forget that all of this can drastically with other events. We don't have to forget that today China and US have a meeting regarding tariffs in London. Furthermore, even if it is funny, Trump is going to have a call with Elon that could trigger something in the market too. Everything sums up.

What are your plays heading into June 18?

Source:¬†[https://x.com/thomson\_coz/status/1931956917938888914](https://x.com/thomson_coz/status/1931956917938888914)",0.9026
2025-06-09,"Bitcoin is introduced into Africa's largest slum, with risks and rewards",,0.0
2025-06-09,Composer Crypto AMA with Ananda Aisola! $2000 USD in Prizes!,"https://preview.redd.it/u840ne5qrw5f1.png?width=1920&format=png&auto=webp&s=fe4414e04734cd26cd7fcbca73b2134e787bcc28

Crypto trading is available in 49 states on Composer and supports automation-first, no-code crypto trading with assets like BTC, ETH, SOL, and 20+ altcoins.

Whether you‚Äôre sniping intraday price moves or automating long-term plays, Composer gives you full automation and real-time control of your crypto trading, all in one platform.

This isn‚Äôt another exchange. It‚Äôs the crypto automation you‚Äôve been waiting for.

Learn more:[ https://www.composer.trade/crypto](https://www.composer.trade/crypto)

To celebrate the launch of Composer Crypto in 49 US states, we‚Äôre partnering with r/CryptoCurrency for an AMA with Ananda Aisola, Co-Founder and Chief Operating Officer at Composer!

Have a question about how Composer Crypto works, how to build trading strategies, or what‚Äôs coming next? Drop it in the comments below.

We‚Äôre also giving away $2,000 USD in prizes! We‚Äôre sending $100 USD to 20 people who complete the steps below:

1. Sign up for Composer using promo code: CRYPTO49AMA  
2. Trade at least $100 USD in crypto

Winners will be selected randomly from eligible signups, please see the full terms and conditions [here](https://help.composer.trade/article/223-composer-crypto-ama-giveaway-terms-and-conditions).",0.964
2025-06-09,ETH poll,"Have a significant amount of ETH, been holder for several years. Looking at charts of the top 20, it‚Äôs hard not to notice this year it‚Äôs been pretty bad for ETH. 

1/ why is ETH getting hammered? 
2/ should we all hold or maybe sell and move to BTC? 
I can weather the storm, time is not an issue, as long as the storm is temp. 

Appreciate the input, thoughts and rants. 

Note: don‚Äôt shill coins 
Note: don‚Äôt shill coins 
Note: (need to get this god damn post to 500 characters or won‚Äôt let me post)

[View Poll](https://www.reddit.com/poll/1l79bpw)",0.3259
2025-06-09,Wen you All in on Bitcoin,,0.0
2025-06-09,Bitcoin price rebounds to $108K as millionaire whale goes 20x long on BTC,,0.0
2025-06-09,Metaplanet Launches Ambitious $5.4‚ÄØBillion Bitcoin Acquisition Plan,,0.0
2025-06-09,Where to buy?,"Anyone know of a site I can buy either btc, eth or ltc and transfer it instantly? Used to do it on Coinbase but after 4 years they banned my account. I use it for online gambling but now every site I‚Äôve found wants to put a 7 day hold on it before I can transfer. I‚Äôve tried every site I can find but all are requiring the 7 day hold. They say I can get faster release if I do a wire transfer but that costs more money for me to have to pay upfront.  That‚Äôs all I need to know right now, don‚Äôt need any lecture on I shouldn‚Äôt be gambling. ",-0.6808
2025-06-09,"Strategy Invests 110 Million Dollars To Acquire 1,045 New Bitcoins",,0.0
2025-06-10,This Bitcoin drugstore thought experiment quickly got out of hand,,0.0
2025-06-10,Users raise alarm about Alby wallet confiscating their BTC,,0.0
2025-06-10,"El Salvador keeps stacking Bitcoin, Added 8 BTC in the last 7 days, now holding 6,200.18 BTC worth $652M",,0.0
2025-06-10,"Daily Crypto Discussion - June 10, 2025 (GMT+0)","**Welcome to the Daily Crypto Discussion thread. Please read the disclaimer and rules before participating.**

¬†

# Disclaimer:

Consider all information posted here with several liberal heaps of salt, and always cross check any information you may read on this thread with known sources. Any trade information posted in this open thread may be highly misleading, and could be an attempt to manipulate new readers by known ""pump and dump (PnD) groups"" for their own profit. BEWARE of such practices and exercise utmost caution before acting on any trade tip mentioned here.

**Please be careful about what information you share and the actions you take.** Do not share the amounts of your portfolios (why not just share percentage?). Do not share your private keys or wallet seed. Use strong, non-SMS 2FA if possible. Beware of scammers and be smart. Do not invest more than you can afford to lose, and do not fall for pyramid schemes, promises of unrealistic returns (get-rich-quick schemes), and other common scams.

¬†

# Rules:

* All [sub rules](https://www.reddit.com/r/CryptoCurrency/about/rules/) apply in this thread. The prior exemption for karma and age requirements is no longer in effect.
* Discussion topics must be related to cryptocurrency.
* Behave with civility and politeness. Do not use offensive, racist or homophobic language.
* Comments will be sorted by newest first.

¬†

# Useful Links:

* [**Beginner Resources**](https://www.reddit.com/r/CryptoCurrency/wiki/beginner_resources)
* [**Intro to** **r/Cryptocurrency** **MOONs üåî**](https://www.reddit.com/r/CryptoCurrency/comments/gj96lb/introducing_rcryptocurrency_moons/)
* [**MOONs Wiki Page**](https://www.reddit.com/r/CryptoCurrency/wiki/moons_wiki/)
* [**r/CryptoCurrency** **Discord**](https://discord.gg/ZuU9Gqeqmy)
* [**r/CryptoCurrencyMemes**](https://www.reddit.com/r/cryptocurrencymemes)
* [**Prior Daily Discussions**](https://www.reddit.com/r/CryptoCurrency/search?q=title%3A%22Daily+Crypto+Discussion+-+%22+&restrict_sr=on&sort=new&t=all) \- (Link fixed.)
* [**r/CryptoCurrencyMeta**](https://www.reddit.com/r/CryptoCurrencyMeta/) \- Join in on all meta discussions regarding r/CryptoCurrency whether it be moon distributions or governance.

¬†

# Finding Other Discussion Threads

Follow a mod account below to be notified in your home feed when the latest r/CC discussion thread of your interest is posted.

* u/CryptoDaily- ‚Äî Posts the Daily Crypto Discussion threads.
* u/CryptoSkeptics ‚Äî Posts the Monthly Skeptics Discussion threads.
* u/CryptoOptimists- ‚Äî Posts the Monthly Optimists Discussion threads.
* u/CryptoNewsUpdates ‚Äî Posts the Monthly News Summary threads.",0.9693
2025-06-10,"ETH Surges 8%: 'You Haven't Seen What Ethereum Is Capable Of In This Cycle,' Analyst Warns",,0.0
2025-06-10,Over $500M got liquidated in the last 24 hours,"**Summary:**  
Past 24h Totally Rekt $500.37M  
Short positions $371.42M  
Long positions $128.95M

**Details:**

||
||
|Rank|Coin|Price|(24h %)|1h Long|1h Short|4h Long|4h Short|24h Long|24h Short|
|1|BTC|$108894|\+0.81%|$123.93K|$57.02K|$23.50M|$4.05M|$31.99M|$145.87M|
|2|ETH|$2739|\+6.75%|$836.92K|$407.94K|$23.49M|$7.81M|$40.29M|$122.65M|
|3|SOL|$158|\+1.20%|$30.17K|$37.15K|$3.29M|$422.72K|$4.86M|$9.70M|
|4|XRP|$2.28|\-1.21%|$1.99K|$520.96|$1.80M|$597.81K|$3.60M|$2.81M|
|5|DOGE|$0.191|\+2.33% |$4.90K |$2.58K |$2.30M |$76.83K |$3.57M |$5.71M |",0.0
2025-06-10,"Why are people still bullish on projects like Nano and Cardano, which are lauded for qualities they've had for nearly a decade, yet those qualities have led to near zero traction or adoption in that time?","*Disclaimer: Not trying to FUD ADA or XNO, they are just the best examples of this thinking that I've noticed. Nothing against them, except I personally wouldn't invest in them at this point. If you disagree, this is the perfect opportunity to shill them, but if the shills are anything like the examples I've made below, I'd save em.*

**tldr: Cardano and Nano are both lauded for qualities they've possessed for many years, despite that they have both languished over those same years, so why would anyone expect them to positively change course now after nearly a decade of this? And at what point do you admit your investment thesis was wrong?**

In 2017-18, I understood the hype around them at that point. They, along with other projects, were promising alternatives to Ethereum, Bitcoin, Litecoin, etc. They both had strong communities around them, as well as new tech stacks that were different and exciting.

But now in 2025, after a handful of years, what positive changes have we seen from them relative to the industry? What indication do we see that they are on the right track?

Both have seen numerous protocol upgrades... but every protocol has as well, this is expected out of any project and not really a selling point in most cases. ""Building through the bear market"" is not a badge of honor, it's table stakes.

Beyond that, None of them have found anything resembling product market fit or any sustainable usage. Both of them are largely the same as they were before. Or at least they are being used almost in the entirely same manner and to the same degree. Meanwhile, the rest of the industry started to adopt defi, stablecoin payments, and new tech stacks. Stablecoins became the killer app of crypto and the trojan horse of the RWA trend. Sub-second block times and sub-cent fees became the new goal for any chain.

It kind of feels like this:

---

* Past Nano Shill: it's fast and free! A vastly cheaper and faster alternative to the few blockchains people use today, saving minutes and maybe hundreds of dollars of fees. Most people are just buying and selling or sending A to B, so why not use Nano?

* Current Nano Shill: it's fast and free! A marginally cheaper and faster alternative to the the most popular blockchains people use today, saving maybe a fraction of a second or up to a few seconds and saving a fraction of a penny up to a few cents. But you can't send stablecoins through it... or any other assets... and there is no defi.

---

* Past Cardano Shill: It uses eutxo, it uses Haskell, it's so secure, it's so decentralized, it has ETH's co-founder. It's gonna take off when smart contracts launch!

* Current Cardano Shill: It uses eutxo, it uses Haskell, it's so secure, it's so decentralized, it has ETH's co-founder and it has smart contracts. It's gonna take off when Leios/Midgard/Hydra/btcOS/QuantumHosky/onchaingovernance/WhateverTheNextHypedUnderwhelmingThingIs. Stablecoins? Umm sort of. Defi? Sort of. Is it fast or cheap? Faster and cheaper than ETHL1, but slower and more expensive than most of the rest.

---

So the selling points are largely the same for both projects, but the industry around them have passed them by and neither of them have found footing in any of the emerging niches. Nano is a payment coin but the most popular payment coins are overwhelming stables and Cardano has had it's own troubles courting stablecoins. Some people act like they don't want them, but to be a general purpose smart contract platform at this point without them, is asking for disaster. Beyond that we're actually seeing heavy usage of a handful of chains. Ethereum is *barely* inflationary at this point with the fees being burnt, Solana is doing hundreds, if not thousands, of TPS and keeping fees lower than Cardano, doing single digit TPS. So it's not just like the market is purely based on hype like it has been in the past, we actually have projects with real usage and revenue.

So, the way I see it is both Cardano and Nano are on a slow road to irrelevance unless something changes. Whenever they are spoken about positively, it's almost *always* about a quality that they have possessed for many years, and rarely if ever is it anything it's currently doing. And if it's had those qualities that you think are so great, for so many years, then at what point do those qualities actually materialize something beneficial like actual demand/usage? At what point do you resign to the idea that you might have overvalued those things? And if you're going to respond with something as reductive as ""the market just hasn't realized it yet"" then at least try to explain how that could possibly happen, as if this subreddit possesses research capabilities beyond what the public can fathom...",0.9981
2025-06-10,Fortune 500 blockchain adoption hits 60% as institutions inject $50B into crypto funds in Q1,,0.0
2025-06-10,Solana News: SOL Gains 5% on Report of Spot ETF Developments,,0.0
2025-06-11,"If you were a 20 year old starting college with $20,000 in savings, what would your strategy for investing be?","As title says, I‚Äôm 20, have $20,000 in savings, and am looking to start college in August. I‚Äôm new to crypto and trading in general. I‚Äôm starting to get a better grasp on trading, albeit still unfamiliar with certain terms. I‚Äôm looking to preserve as much of my nest egg as possible, and ideally get to a point where I can trade as my primary income through college, if that‚Äôs realistic. What would your strategy be if you were in my position? 

Also, I‚Äôve been using Trust so far, and I‚Äôm usually on mobile, but if you guys have any better exchanges then please let me know, I‚Äôve not been impressed with it so far. ",0.8409
2025-06-11,SEC Approves Cardano Integration into NASDAQ Crypto Index NCIUS,"Nasdaq has officially reconstituted its Crypto US Settlement Price Index (NCIUS) to include Cardano (ADA).

This index serves as the benchmark for the Hashdex Crypto ETF.

Cardano, the 10th-largest cryptocurrency by market capitalization, has recently scored a significant milestone that could boost its Wall Street & traditional markets exposure.

Sources:  
\-¬†[https://www.sec.gov/Archives/edgar/data/2031069/000121390025052088/ea0244966-8k\_hashdex.htm](https://www.sec.gov/Archives/edgar/data/2031069/000121390025052088/ea0244966-8k_hashdex.htm)

\-¬†[https://hashdex-etfs.com/NCIQ](https://hashdex-etfs.com/NCIQ)",0.5423
2025-06-11,How Soon Will Bitcoin Starts Hosting Real dApps,"It‚Äôs wild how we‚Äôre still struggling with Bitcoin‚Äôs speed and fees in 2025. Like, we‚Äôve had Lightning Network for years, and while it works for small transactions, it‚Äôs far from ideal for building anything beyond simple payments. 

Meanwhile, chains like Solana, Avalanche, and even Base are moving fast with dApps, DeFi, NFTs... all the stuff that brings real user interaction and liquidity.

We in the Bitcoin community might hate to admit it, but we need more than store-of-value if BTC wants to stay relevant beyond ETFs and HODLers. 

Projects like Stacks and Rootstock have been trying to bridge the gap and are doing relatively well, but they haven't cracked it yet i believe...

There‚Äôs some quiet buzz about a Bitcoin-native Layer 2, B2, using ZK-Rollups and EVM compatibility claiming 300x faster and 50x cheaper txs. 

It‚Äôs building on top of BTC, not around it. That‚Äôs interesting. Especially if it plays nice with Taproot and offers cross-chain functionality.

Sentiment is still mixed, but if it catches fire, this could shake up the BTC narrative since its native token $B2 is already listed on CEXs like Bitget and others...

If Bitcoin starts hosting real dApps, that‚Äôs going to shift liquidity and attention in ways traders can‚Äôt ignore.

your thoughts guys...",0.9485
2025-06-11,"Gold vs. Bitcoin: BTC Could Hit $140K ‚Äî Can XAUUSD Break $3,400?",,0.0
2025-06-11,BCH weekly news - BITCANN - BCHPodcast: BTCs next civil war - How Paytaca wins over Filipino merchants - PARITYUSD,,0.0
2025-06-11,Copy trading,"So I have been copy trading this guy on blofin for a little while now and he had been making decent profit every now and then shorting some alts and meme coins, small bits every time. I was happy with the small profits but now a day or 3 ago he started taking lots of short positions against VVV and Kaia, even some on BTC and ETH some of which have been closed already in a small profit. 

Now I myself am not the best trader and am not familiar at all with Kaia or VVV. In total all of the trades are in a loss for about 50% of my account balance (down to 190$ from a bit under 400). All of the losing short trades are currently still open and I was thinking about closing them manually yesterday, but off course I didn't. Thinking maybe he knows something that I don't. Now off course today they are even more down. 

So now my question is what would you guys do? Should I cut my losses or do you guys think these coins are gonna go down again? I'm thinking about just leaving it open. Losing the rest of the account would not be a massive deal to me, but personally I just don't see it ending well if I do keep them open. Have a bad feeling the acc is going to 0.

Any advice would be appreciated. 

Some more details in case anyone wants to do some research. The account is on blofin and the master trader Im copying from is named' 'redacted to hopefully noy get my post deleted' '

I started off by following quantoshi ck steady because of this youtuber I follow, and that had steady but tiny gains, but I got greedy and saw this guy had better gains with a bigger sharpe ratio so I pivoted and am now suffering the consequences. I know it was stupid but it's too late now sadly. ",-0.9093
2025-06-11,"This New Web Browser Extension Called ""Opportunity Cost"" Changes All Prices on the Internet Into Bitcoin (BTC)",,0.0
2025-06-11,Digital Bitcoin banking,I think the only thing that would make Bitcoin a viable currency is via a digital bitcoin token that can be easily exchanged. It would allow banks to let you transfer btc to a wallet and withdraw into cash. When you withdraw you don‚Äôt sell the bitcoin token the bank but immediately to an exchange with a token swap. This way the bank doesn‚Äôt have to be the counterparty of the Bitcoin. Any regional bank could allow you to do this without taking on the risk of Bitcoin dropping in price. It would also solve the problem of the network scalability. Plus you wouldn‚Äôt have to deal with slow and shady Bitcoin Atm‚Äôs. If noone wants to buy your Bitcoin on the exchange then it‚Äôs your risk only.,-0.4854
2025-06-11,Evertz Pharma Becomes First German Company to Add Bitcoin to Its Balance Sheet - Big Pharma Just Got a Bit More Decentralized,,0.0
2025-06-11,"$230,000 Bitcoin Price ‚ÄòFair Value‚Äô Amid Likelihood of Sovereign Debt Default, According to Bitwise",,0.0
2025-06-12,Best alternative to Coinbase for buying and sending a variety of crypto currencies,"So I use Coinbase to easily buy crypto and then send it immediately (I carry a bank balance with them which allows for immediate transfer). I tend to make several small purchases over the course of a month. I like that Coinbase allows me a variety of different coins and I usually end up buying BTC, ETH, LTC, or USDT. Is there a different service with lower fees/spread where I can do the same? I'm considering Coin One ($30/month) to avoid the purchasing fees, but even then I'm still paying a 1% spread. Any insight appreciated, thanks!",0.8702
2025-06-12,Crypto world is manipulated but it‚Äôs a way to get rid of greed,"I am a gray hat hacker since ~2004 and I have found vulnerabilities in systems like Sentry, Kayako, Ubersmith, HideMyAss, ClickBank, and some others(1000s of websites) and I‚Äôm usually doing it for free.

Last year, I‚Äôve invented a way to hack financial markets because I‚Äôve lost a job and tried to find a way to make money.

I‚Äôve been watching the 1s graphs on lots of coins and I understood the correlation between everything (to sum it up - everything moves because of human greed)

Because this hack allows me to manipulate any asset, I literally went mad, because I was feeling like a king (was yelling at everybody and acting like a king) and I was saying I was touched by God, before starting to say I‚Äôm a God himself (because all markets followed my actions)

Thankfully, my wife is a doctor and she put me into a mental hospital before it‚Äôs too late, and I‚Äôve had to spent a while to sort out my brain because of this huge ‚Äúpsychosis‚Äù.

After I got better, I‚Äôve tried this ‚Äúattack‚Äù again and again to prove myself (essentially I manipulate the markets when I‚Äôm too manic) and after realizing that what I invented is true I‚Äôve started to contact everyone including SEC and FBI but for obvious reasons nobody believes me.

That‚Äôs why I‚Äôm selling this information for 10 000 BTC to hype on the price (I need 2 pizzas) as I am the best hacker in the world.

I will use pretty much all of it (99%) on charity (but it won‚Äôt make much sense after everyone realize what really happens in the world as hopefully a lot of things gonna be fixed anyway)

Peace and Love
M.Strokin 






",0.9911
2025-06-12,Is it best to have multiple cryptos in your portfolio or to focus on one?,"I have XRP, BTC, and ETH but I‚Äôm contemplating cashing out two and going all in on one of them. Just not sure which one is the best one if this is even a good idea to begin with. I‚Äôve been seeing predictions for the prices of these cryptocurrencies and they‚Äôre all predicting big increases in value over the next year or so, so I figured striking while the iron is hot would be a good plan. 

Any ideas on which of the above would be best to focus on? I only have less than $100 in each (late to the crypto bandwagon and not that much money to my name at the moment) but I‚Äôm hoping it‚Äôs not too late to see gains after a bit more sizable investment in one of them plus consistent DCA. 

Thank you!",0.9865
2025-06-12,3 Crypto Wallet Trends You Can‚Äôt Afford To Miss In 2025,,0.0
2025-06-12,Japanese Video Game Developer Gumi Purchases ¬•1 Billion Worth Of Bitcoin (BTC),,0.0
2025-06-12,"Coinbase Announces Bitcoin Rewards Credit Card, Offering Up To 4% BTC Back On Everything",,0.0
2025-06-12,"GME Tumbles After GameStop Announces Proposed $1,750,000,000 Convertible Bond Offering To Possibly Buy More BTC",,0.0
2025-06-13,Sol transaction still pending after 30 minutes?,"Sent 5 usdc as a test transaction from my hardware wallet to an exchange. I've got a bit more sitting there and wanted to buy some btc on this dip. It's on SOL as it was probably sent there from a sol wallet. I just accepted whatever fees it stated, but there's more usdc in the wallet so I assume there would always be enough for fees. Anyway, it's still showing as pending on the hardware wallet. Seems odd because sol is usually pretty fast, in my experience. 

I checked the transaction on solscan and it wasn't found.",0.4404
2025-06-13,Polkadot community members proposed creating a Bitcoin Strategic Reserve for the Treasury,,0.0
2025-06-13,"Daily Crypto Discussion - June 13, 2025 (GMT+0)","**Welcome to the Daily Crypto Discussion thread. Please read the disclaimer and rules before participating.**

¬†

# Disclaimer:

Consider all information posted here with several liberal heaps of salt, and always cross check any information you may read on this thread with known sources. Any trade information posted in this open thread may be highly misleading, and could be an attempt to manipulate new readers by known ""pump and dump (PnD) groups"" for their own profit. BEWARE of such practices and exercise utmost caution before acting on any trade tip mentioned here.

**Please be careful about what information you share and the actions you take.** Do not share the amounts of your portfolios (why not just share percentage?). Do not share your private keys or wallet seed. Use strong, non-SMS 2FA if possible. Beware of scammers and be smart. Do not invest more than you can afford to lose, and do not fall for pyramid schemes, promises of unrealistic returns (get-rich-quick schemes), and other common scams.

¬†

# Rules:

* All [sub rules](https://www.reddit.com/r/CryptoCurrency/about/rules/) apply in this thread. The prior exemption for karma and age requirements is no longer in effect.
* Discussion topics must be related to cryptocurrency.
* Behave with civility and politeness. Do not use offensive, racist or homophobic language.
* Comments will be sorted by newest first.

¬†

# Useful Links:

* [**Beginner Resources**](https://www.reddit.com/r/CryptoCurrency/wiki/beginner_resources)
* [**Intro to** **r/Cryptocurrency** **MOONs üåî**](https://www.reddit.com/r/CryptoCurrency/comments/gj96lb/introducing_rcryptocurrency_moons/)
* [**MOONs Wiki Page**](https://www.reddit.com/r/CryptoCurrency/wiki/moons_wiki/)
* [**r/CryptoCurrency** **Discord**](https://discord.gg/ZuU9Gqeqmy)
* [**r/CryptoCurrencyMemes**](https://www.reddit.com/r/cryptocurrencymemes)
* [**Prior Daily Discussions**](https://www.reddit.com/r/CryptoCurrency/search?q=title%3A%22Daily+Crypto+Discussion+-+%22+&restrict_sr=on&sort=new&t=all) \- (Link fixed.)
* [**r/CryptoCurrencyMeta**](https://www.reddit.com/r/CryptoCurrencyMeta/) \- Join in on all meta discussions regarding r/CryptoCurrency whether it be moon distributions or governance.

¬†

# Finding Other Discussion Threads

Follow a mod account below to be notified in your home feed when the latest r/CC discussion thread of your interest is posted.

* u/CryptoDaily- ‚Äî Posts the Daily Crypto Discussion threads.
* u/CryptoSkeptics ‚Äî Posts the Monthly Skeptics Discussion threads.
* u/CryptoOptimists- ‚Äî Posts the Monthly Optimists Discussion threads.
* u/CryptoNewsUpdates ‚Äî Posts the Monthly News Summary threads.",0.9693
2025-06-13,"15 years ago today, this site gave out 5 BTC to anyone for solving a CAPTCHA - it ended up handing out $2 billion worth of Bitcoin","Created fifteen years ago today, this website gave out 5 entire bitcoin for free to anyone, anytime, anywhere.  
  
The ‚ÄòBitcoin Faucet‚Äô only required a user to complete CAPTCHA verifying you were not a bot and distributed 19,700 bitcoin in total worth $2 billion today.

Source: [https://x.com/DocumentingBTC/status/1933496147760300170](https://x.com/DocumentingBTC/status/1933496147760300170)",0.7351
2025-06-13,Are exchange tokens a better options for profit when compared to other ALTs?,"I came across a post made by CryptoRank comparing what would have happened if you held $10,000 in major exchange tokens for 1 month, and thee were a few interesting things I noticed. 

https://preview.redd.it/q3hj6ear6s6f1.png?width=1221&format=png&auto=webp&s=ca650782af575db2185e12ccc15ca145cbeba417

It doesn't come as a surprise that BNB led in overall return, I think the surprise for me is the fact that BGB had the highest farming rewards, which made up over 60% of its total profit, so that's something to look at especially for people looking for more profit options. 

 Moving on from these two, I noticed that OKB gave no farming rewards but the total profit made isn't that bad, but MNT and GT underperformed both in price and total value. Surprisingly though MNT offered the second highest farming reward, but that wasn‚Äôt even enough to offset the price drop.

I think generally it has a lot to with stuffs happening with these exchanges behind the scenes, and it's probably why BNB and even BGB did very well, especially with the impressive price action with BGB in recent time. But all this to say, exchange tokens might also be a good option for profits especially when selected carefully. 

For comparison BTC did about 10% within this time. ",0.9922
2025-06-14,Middle East escalation: how you trading?,"The Middle East war escalated.

Since the start of the first attack. The liquidations sky rocketed. 

Btc may crash during the escalation and it don‚Äôt matter the M2 supply is high. It will catch up later.

Will Alts surprise everyone like Monero l! 

Im holding longterm more alts than bitcoin. I‚Äôm holding coins less than a dollar that may have possible to grow atleast 25 bucks in next 5yrs or 10.

Don‚Äôt matter how much you hold in cash your stuff is losing value! It‚Äôs better to hold something to get ahead! ",-0.6219
2025-06-14,BTC Clings to $105K as Traders Brace for Fallout From the Worsening Middle East Crisis,,0.0
2025-06-14,Bitcoin as DeFi Fuel: Altcoin Communities Mull BTC Reserves and Incentive Pools,,0.0
2025-06-14,Best wallet for simple occasional purchases of BTC?,"Hey y'all, I'm a newbie to crypto. I had a wallet with Celcius years ago, and lost everything when they froze all accounts and filed for bankruptcy. I attempted to recover it all in the class action suit, but never recieved what I was owed despite contacting them relentlessly. 

Basically, I want to make some BTC purchases here and there as an investment. Nothing crazy, I just want somewhere SECURE to hold some crypto. I feel so burned and traumatized from my experience with Celsius, so longevity is really important to me here. 

Should I just be using PayPal or something? 

Thanks so much in advance!",0.8702
2025-06-15,Crypto ownership isn‚Äôt just lambos and bros anymore,,0.0
2025-06-15,What will happen to stocks if every company seeks crypto exposure?,,0.0
2025-06-15,Some 'Alternative' info and thoughts about 'Alt'coins,"1. If BTC could absorb the marketcap of ALL the coins except for the top 10, it would increase... only 20%.  The idea that altcoins hurt BTC is likely false.  Competition is healthy- it means there is demand.  So we can relax, altcoins aren't ruining your investment.

2. There are not 17M + ""alt"" coins.  Those are mostly memecoins or very specific use case driven projects leveraging blockchain concepts.  

3. As noted in the first bullet, 80% of the value is still in the top 10.  After about the top 1000, the value isn't worth talking about.  

  
4. If we have decided BTC is the store of value, then it's fair to say many of the top 100 are more prepared to serve as a payment system, or deliver a business specific use case.  This means they aren't an alternative to BTC, and they aren't competing for the same marketshare.    
  
5. Smart contracts are an ""alternative"" concept- the added value to blockchain continues to evolve.  If this proves to be valuable enough within a store of value use case, then perhaps that is an ""altcoin"" directly competing with BTC.

6. ""Altseason"" 4 years ago mostly applied to ethereum and new coins.  Now we have a wide variety of alts in the top 1000, all in different stages earning marketshare.  Many top coins have higher marketcaps, so achieving 10x or more from those levels does seem challenging.  New coins face competition, and much greater scrutiny, so the percentage that breakout will not match the last cycle.

7. Higher Marketcaps? This doesn't mean they are sitting near all time highs - some are though!  It means many are sitting at higher lows than 4 years ago.  Btw, if you are achieving higher lows, that does not mean you are disappearing, that means you are growing.  A common talking point is these projects are disappearing, which simply is not true. 

8. Calling any alt a ""shitcoin"" is a pathetic attack which ignores the potential value of using the technology.  Just a reminder, they are building upon the same concepts BTC leverages.  More folks believing in blockchain tech strengthens the space, including BTC.  It would be good to see open discussion again about what is being achieved with the mindset that not everything is a threat to your investment.

In summary- while the narratives attack altcoins, they really aren't hurting BTC investments.  There is a variety of market opportunity that BTC is not suited for.  Investing in altcoins is more challenging than 4 years ago- choosing from old and new, big and small.  But it is healthy and positive for the space overall if investment continues.  ",0.977
2025-06-15,Where are people buying BTC and transferring it to a wallet at a low cost?,"I have primarily bought altcoins the past 4 years but I want to start DCAing into BTC. I had started in 2021 but then stopped and I‚Äôm seeing that‚Äôs a mistake. 

What would people recommend to buy BTC for cheap transfer over to something like a ledger. I currently don‚Äôt have ledger I‚Äôve used cold wallets to hold my alts but I want a hard wallet for my BTC. Or do platforms like ledger let you buy BTC directly on their platform?

I could buy the spot ETF but I want control over my own stuff. I don‚Äôt need blackrock using me to manipulate markets. 

                  ",0.7227
2025-06-16,"Metaplanet‚Äôs Bitcoin holdings hits 10,000 BTC, beating Coinbase",,0.0
2025-06-16,"Hello Darkness, My Old Friend...",,0.0
2025-06-16,Bitcoin Buying Timing: War Fears and Market Recovery Analysis,"The market has been rattled once more by rising tensions between Iran and Israel. This news was enough to shake the entire asset market, including cryptocurrencies, with Bitcoin briefly threatening the $100,000 mark and altcoins facing steep corrections. It‚Äôs a familiar scene‚Äîone of recurring fear and doubt. But what does it all truly mean?

Looking back, similar conflicts unfolded in April and October 2024. The market reacted with momentary panic and a surge in selling, only to recover swiftly within days. This time appears no different. **The fact that fear hasn‚Äôt lingered long suggests this is less a structural collapse and more a technical reaction.** It‚Äôs a clue that there‚Äôs more to this than just a price drop‚Äîsomething worth examining beneath the surface.

The Iran-Israel conflict has been limited to strategic airstrikes and restrained missile responses, without direct ground confrontation. This points to a localized skirmish rather than an all-out war, likely acting as an event that pauses the market‚Äôs existing rhythm rather than redefining its course. In other words, this uncertainty may fade within days rather than persist.

[Bitcoin Market Analysis: Liquidation Zones and Price Trends on June 15, 2025, by The Kingfisher.](https://preview.redd.it/utrj5gmh397f1.png?width=800&format=png&auto=webp&s=b419271bb70e2dfca7d6d4aaf326af078761c909)

  
**This hints that, between collapse and counterattack, the latter is gaining traction**. Meanwhile, Ethereum is showing striking momentum, with trading volume and futures open interest hitting all-time highs, suggesting not just a technical bounce but a structural signal of institutional entry.

https://preview.redd.it/2tuvu7pk397f1.png?width=800&format=png&auto=webp&s=79607c04fc202d58fb737a40519c06c54963873a

  
The ETH/BTC ratio further confirms Ethereum‚Äôs relative strength, **shifting focus from short-term price swings to the potential for a broader transition.**

The altcoin market tells a bigger story. The OTHERS market cap chart shows it breaking out of a months-long downtrend, now digesting consolidation in the Phase D zone. If this level holds, a return to an upward cycle seems plausible.

[A Chart Depicting Others Market Capitalization](https://preview.redd.it/9pawsexm397f1.png?width=1600&format=png&auto=webp&s=a154354aa5a8dd2ef33bdc735a64d753f37c8af6)



**This isn‚Äôt a mere bearish turn but a retest of the upper boundary of the prior downtrend channel‚Äîa technical validation of support.**

[A Chart Depicting TOTAL3](https://preview.redd.it/24faw2zp397f1.png?width=800&format=png&auto=webp&s=7d2f55a4b8ae38f90b80b590c4e9324fba1b8ebc)

  
The TOTAL3 index reinforces this, with the altcoin market‚Äôs cycle of surge, correction, support confirmation, and rebreakout still intact, currently poised for its next expansion.

Amid this, Coinbase‚Äôs inclusion in the S&P 500 marks a symbolic shift. It‚Äôs not just a stock update‚Äîit‚Äôs a structural milestone for the cryptocurrency industry crossing into mainstream acceptance. Wall Street no longer sees digital assets as outliers but as candidates for integration. The door to institutionalization is opening.

Ripple, meanwhile, has been quietly consolidating in a box range for 195 days. This prolonged stagnation could precede an explosive breakout in either direction, with the 2.08 level acting as a key support that, if held, might serve as a buying point.

[Chart illustrating behavioral differences between retail and institutional investors over the past week](https://preview.redd.it/5gjwbxos397f1.png?width=1600&format=png&auto=webp&s=b210eb443e4b943caf856ac35dea349f6aa4dcd0)



Ultimately, the market is swaying in uncertainty, but that uncertainty could fuel the next move. The pattern of war, fear, correction, and rebound has repeated through 2024 and now into June 2025. History suggests these dips often recover quickly, laying the groundwork for fresh rallies. Rather than being paralyzed by fear, it might be worth reading the structure of the flow and preparing for what‚Äôs next. Opportunities don‚Äôt come often, but when they do, they‚Äôre brief and potent. This could be one of those moments.",-0.9705
2025-06-16,"Strategy Buys 10,100 More Bitcoin, Total Holdings Explode to 592,100 BTC",,0.0
2025-06-16,"Right now, BTC is caught between FOMO and fear. The market is bullish ‚Äî but the world isn‚Äôt exactly stable.","On one hand, we‚Äôve got solid bullish signals:  
‚Ä¢ SharpLink Gaming just bought $463 million worth of ETH, becoming the largest public ETH holder.  
‚Ä¢ Anthony Pompliano is reportedly raising $750 million via a SPAC to buy Bitcoin. Yes, *that* Pompliano ‚Äî the one who was calling for $500K BTC during the bear market.  
‚Ä¢ BTC hit $110,000 last Tuesday ‚Äî almost breaking its ATH of $111,940 from May 22.

‚Äî On the other hand, the macro picture isn't so pretty:  
‚Ä¢ Israeli airstrikes on Iran sent BTC down 2.8% in 90 minutes. They can crash BTC at any moment, all it takes is another hit.  
‚Ä¢ Last time, $427 million in long positions got wiped out. Bulls took a hit, fast.

# So, can BTC still reach $119,000 in this climate?

Personally, I‚Äôm cautiously optimistic.

‚úì The fundamentals are strong: institutional adoption, post-halving supply tightening, growing ETF demand, and now SPACs targeting BTC.  
‚úó But short-term moves are still dictated by geopolitics. And that‚Äôs not something even the whales can control.

So yes, $119K is possible ‚Äî but timing it depends more on global stability than TA.

# What about Ethereum?

ETH is quietly building up momentum too:  
‚Ä¢ SharpLink staked over 95% of its ETH ‚Äî that‚Äôs a long-term move, not just speculation.  
‚Ä¢ If this continues, a return to $4,000 feels realistic. Not immediate, but definitely in sight ‚Äî especially if the SEC eases up.

What do you think?  
‚Ä¢ Can BTC still hit $119K this year?  
‚Ä¢ Are we underestimating the impact of war and instability?  
‚Ä¢ Should ETH be getting more attention right now?

Let‚Äôs talk. I‚Äôm curious to hear your take.",0.8105
2025-06-16,"üöÄ Trade Bitcoin, Memecoins & more on MoonPay","Ready to explore the world of DeFi? We've made it ridiculously [easy.You](http://easy.You) can now trade everything from mainstream tokens like Bitcoin and Ethereum to millions of Solana memecoins‚Äîall in one simple app.

Just load up your MoonPay account with SOL or USDC (SOL), and you're ready to buy, sell, and explore the latest trending tokens. 

Pro tip: Top up with MoonPay Balance and pay zero MoonPay fees\*¬†

‚úÖ Minimum DeFi trades start at just $1

‚úÖ One-tap buy & sell

‚úÖ Scam prevention tools built-in

‚úÖ Portfolio tracking, price charts & more

Whether you're here for the hype or the hold, MoonPay puts the whole Solana ecosystem at your fingertips. It's never been easier to start and grow your crypto [portfolio.New](http://portfolio.New) to MoonPay? Just sign up, fund your account, and you're good to go.¬†

üëâ Download the app and start trading now.

(DeFi trading is not yet available for EU, New York, and Canada.)

\*Network, ecosystem, top-up and withdrawal fees may apply

https://preview.redd.it/ojhne04tna7f1.png?width=2160&format=png&auto=webp&s=84f95841991cd8960f4040ad48a17cf3d3a9af4d

",0.4603
